{"n_base": 16, "learning_rate": 0.001, "alpha": 0.4, "kernel_size": [3, 3], "augmentation": "None", "epochs": 700, "loss": 0.29614986181259156, "val_loss": 0.32652361392974855, "dice_coef": 0.508626389503479, "val_dice_coef": 0.467724084854126, "precision": 0.4816666662693024, "val_precision": 0.49668304324150087, "recall": 0.5454371571540833, "val_recall": 0.44767711162567136, "jaccard": 0.343290239572525, "val_jaccard": 0.3070314645767212}