{"n_base": 32, "learning_rate": 0.001, "alpha": 0.6, "kernel_size": [3, 3], "augmentation": "None", "epochs": 700, "loss": 0.29526861310005187, "val_loss": 0.3654001772403717, "dice_coef": 0.6193020820617676, "val_dice_coef": 0.5292916536331177, "precision": 0.6168500065803528, "val_precision": 0.5549964308738708, "recall": 0.6260919213294983, "val_recall": 0.5139256775379181, "jaccard": 0.45134825110435484, "val_jaccard": 0.36031162142753603}