{"n_base": 64, "learning_rate": 1e-05, "alpha": 0.4, "kernel_size": [3, 3], "augmentation": "None", "epochs": 700, "loss": 0.37191150784492494, "val_loss": 0.37382982969284057, "dice_coef": 0.3561567723751068, "val_dice_coef": 0.34959566593170166, "precision": 0.3118093341588974, "val_precision": 0.36265318989753725, "recall": 0.4242972254753113, "val_recall": 0.35516415238380433, "jaccard": 0.21936445236206054, "val_jaccard": 0.21311868131160736}