{"n_base": 16, "learning_rate": 0.0001, "alpha": 0.6, "kernel_size": [5, 5], "augmentation": "None", "epochs": 700, "loss": 0.21856963634490967, "val_loss": 0.2897099405527115, "dice_coef": 0.7202025413513183, "val_dice_coef": 0.6182275652885437, "precision": 0.747929573059082, "val_precision": 0.6707013130187989, "recall": 0.6997240900993347, "val_recall": 0.5767460465431213, "jaccard": 0.5676999092102051, "val_jaccard": 0.45072375535964965}