{"n_base": 16, "learning_rate": 0.001, "alpha": 0.6, "kernel_size": [5, 5], "augmentation": "None", "epochs": 700, "loss": 0.2841131269931793, "val_loss": 0.3582280695438385, "dice_coef": 0.6223787546157837, "val_dice_coef": 0.5241457939147949, "precision": 0.6340711236000061, "val_precision": 0.5890096187591553, "recall": 0.6151861667633056, "val_recall": 0.47852100133895875, "jaccard": 0.4554527223110199, "val_jaccard": 0.35594127178192136}