{"n_base": 16, "learning_rate": 0.0001, "alpha": 1.0, "kernel_size": [3, 3], "augmentation": "None", "epochs": 700, "loss": 0.5030210971832275, "val_loss": 0.5290758490562439, "dice_coef": 0.4969117522239685, "val_dice_coef": 0.4709241509437561, "precision": 0.40586982369422914, "val_precision": 0.4019824266433716, "recall": 0.6503149747848511, "val_recall": 0.596839714050293, "jaccard": 0.3314152956008911, "val_jaccard": 0.30953873991966246}