{"n_base": 16, "learning_rate": 0.001, "alpha": 1.0, "kernel_size": [5, 5], "augmentation": "None", "epochs": 700, "loss": 0.8725704431533814, "val_loss": 0.8638315677642823, "dice_coef": 0.12878234684467316, "val_dice_coef": 0.1361684262752533, "precision": 0.07375144958496094, "val_precision": 0.07741733193397522, "recall": 0.5216029465198517, "val_recall": 0.5772992253303528, "jaccard": 0.06906932294368744, "val_jaccard": 0.07334837764501571}