{"n_base": 64, "learning_rate": 0.0001, "alpha": 1.0, "kernel_size": [5, 5], "augmentation": "None", "epochs": 700, "loss": 0.2590012848377228, "val_loss": 0.3762113094329834, "dice_coef": 0.740098524093628, "val_dice_coef": 0.6237886905670166, "precision": 0.7730024099349976, "val_precision": 0.6120154738426209, "recall": 0.7135455250740051, "val_recall": 0.6392731547355652, "jaccard": 0.5932213664054871, "val_jaccard": 0.4569336295127869}