{"n_base": 32, "learning_rate": 0.001, "alpha": 0.6, "kernel_size": [5, 5], "augmentation": "None", "epochs": 700, "loss": 0.32398210763931273, "val_loss": 0.33657966256141664, "dice_coef": 0.5714704871177674, "val_dice_coef": 0.5429804503917695, "precision": 0.5593226671218872, "val_precision": 0.4970234453678131, "recall": 0.588648509979248, "val_recall": 0.6114788055419922, "jaccard": 0.4042230248451233, "val_jaccard": 0.37338005900383}