{"n_base": 64, "learning_rate": 1e-05, "alpha": 1.0, "kernel_size": [5, 5], "augmentation": "None", "epochs": 700, "loss": 0.8673778057098389, "val_loss": 0.8579305648803711, "dice_coef": 0.13128130584955217, "val_dice_coef": 0.1420694351196289, "precision": 0.07468097656965256, "val_precision": 0.08113461881875991, "recall": 0.5582011461257934, "val_recall": 0.5706929326057434, "jaccard": 0.070443045347929, "val_jaccard": 0.07647717297077179}