{"n_base": 64, "learning_rate": 0.001, "alpha": 0.6, "kernel_size": [5, 5], "augmentation": "None", "epochs": 700, "loss": 0.464376163482666, "val_loss": 0.455778968334198, "dice_coef": 0.38125522136688234, "val_dice_coef": 0.3648049712181091, "precision": 0.35535570979118347, "val_precision": 0.36732200980186464, "recall": 0.4372512400150299, "val_recall": 0.36395640969276427, "jaccard": 0.2377573549747467, "val_jaccard": 0.2235952228307724}