{"n_base": 16, "learning_rate": 0.001, "alpha": 0.6, "kernel_size": [3, 3], "augmentation": "None", "epochs": 700, "loss": 0.3209060311317444, "val_loss": 0.3371200919151306, "dice_coef": 0.5744780898094177, "val_dice_coef": 0.5585318326950073, "precision": 0.5769020915031433, "val_precision": 0.5693413257598877, "recall": 0.5816394567489624, "val_recall": 0.5506474554538727, "jaccard": 0.4070534765720367, "val_jaccard": 0.3879261136054993}