{"n_base": 16, "learning_rate": 0.0001, "alpha": 0.4, "kernel_size": [3, 3], "augmentation": "None", "epochs": 700, "loss": 0.3322151184082031, "val_loss": 0.3251453101634979, "dice_coef": 0.41542760133743284, "val_dice_coef": 0.4536899507045746, "precision": 0.3803532898426056, "val_precision": 0.4642896592617035, "recall": 0.4679963290691376, "val_recall": 0.45175015926361084, "jaccard": 0.263214522600174, "val_jaccard": 0.29365357756614685}