{"n_base": 64, "learning_rate": 0.001, "alpha": 0.4, "kernel_size": [5, 5], "augmentation": "None", "epochs": 700, "loss": 0.25019086003303526, "val_loss": 0.27482019662857055, "dice_coef": 0.588855254650116, "val_dice_coef": 0.543411123752594, "precision": 0.5917867064476013, "val_precision": 0.5694355368614197, "recall": 0.5896418213844299, "val_recall": 0.5276974022388459, "jaccard": 0.4205015957355499, "val_jaccard": 0.3742579996585846}