{"n_base": 32, "learning_rate": 1e-05, "alpha": 1.0, "kernel_size": [3, 3], "augmentation": "None", "epochs": 700, "loss": 0.8724547863006592, "val_loss": 0.8678808569908142, "dice_coef": 0.12924636602401735, "val_dice_coef": 0.13211913257837296, "precision": 0.07388989776372909, "val_precision": 0.07549915537238121, "recall": 0.5398123741149903, "val_recall": 0.5407869338989257, "jaccard": 0.0693560242652893, "val_jaccard": 0.07088854610919952}