{"n_base": 16, "learning_rate": 0.001, "alpha": 0.8, "kernel_size": [3, 3], "augmentation": "None", "epochs": 700, "loss": 0.37801154255867003, "val_loss": 0.38572120666503906, "dice_coef": 0.5756573677062988, "val_dice_coef": 0.5755120515823364, "precision": 0.5538535237312316, "val_precision": 0.5677779734134674, "recall": 0.6035373568534851, "val_recall": 0.5943968594074249, "jaccard": 0.4067147493362427, "val_jaccard": 0.4047333300113678}