{"n_base": 64, "learning_rate": 0.001, "alpha": 0.4, "kernel_size": [3, 3], "augmentation": "None", "epochs": 700, "loss": 0.43570992946624754, "val_loss": 0.43063578605651853, "dice_coef": 0.25656975507736207, "val_dice_coef": 0.2781519711017609, "precision": 0.24282267987728118, "val_precision": 0.2527232378721237, "recall": 0.29225094318389894, "val_recall": 0.3226378321647644, "jaccard": 0.14908491671085358, "val_jaccard": 0.16318248510360717}