{"n_base": 64, "learning_rate": 1e-05, "alpha": 1.0, "kernel_size": [3, 3], "augmentation": "None", "epochs": 700, "loss": 0.5500851750373841, "val_loss": 0.5077104568481445, "dice_coef": 0.4485217571258545, "val_dice_coef": 0.49228954315185547, "precision": 0.3883925974369049, "val_precision": 0.42425105571746824, "recall": 0.5470645546913147, "val_recall": 0.5937173187732696, "jaccard": 0.2902773082256317, "val_jaccard": 0.3273413360118866}