{"n_base": 64, "learning_rate": 1e-05, "alpha": 0.6, "kernel_size": [3, 3], "augmentation": "None", "epochs": 700, "loss": 0.45515590310096743, "val_loss": 0.45305113196372987, "dice_coef": 0.39679369926452634, "val_dice_coef": 0.39335085153579713, "precision": 0.356043404340744, "val_precision": 0.41697641015052794, "recall": 0.46200944781303405, "val_recall": 0.38008455038070676, "jaccard": 0.24826812148094177, "val_jaccard": 0.24697899520397187}