{"n_base": 16, "learning_rate": 1e-05, "alpha": 0.4, "kernel_size": [5, 5], "augmentation": "None", "epochs": 700, "loss": 0.3939825654029846, "val_loss": 0.3924098491668701, "dice_coef": 0.3259293019771576, "val_dice_coef": 0.2980231285095215, "precision": 0.29416396617889407, "val_precision": 0.3445886194705963, "recall": 0.36927194595336915, "val_recall": 0.2644168496131897, "jaccard": 0.19557192027568818, "val_jaccard": 0.1752068281173706}