{"n_base": 16, "learning_rate": 0.001, "alpha": 0.4, "kernel_size": [5, 5], "augmentation": "None", "epochs": 700, "loss": 0.24992975890636443, "val_loss": 0.2754235714673996, "dice_coef": 0.5776129007339478, "val_dice_coef": 0.5201410114765167, "precision": 0.5733612418174744, "val_precision": 0.4974444925785065, "recall": 0.5870531320571899, "val_recall": 0.5542019248008728, "jaccard": 0.4084644436836243, "val_jaccard": 0.35163813829421997}