{"n_base": 32, "learning_rate": 0.0001, "alpha": 0.6, "kernel_size": [3, 3], "augmentation": "None", "epochs": 700, "loss": 0.33943227529525755, "val_loss": 0.3633482396602631, "dice_coef": 0.5580164194107056, "val_dice_coef": 0.5317337274551391, "precision": 0.5374913573265075, "val_precision": 0.5359267950057983, "recall": 0.5869768500328064, "val_recall": 0.5315241634845733, "jaccard": 0.3888003587722778, "val_jaccard": 0.3624910354614258}