{"n_base": 64, "learning_rate": 1e-05, "alpha": 0.6, "kernel_size": [5, 5], "augmentation": "None", "epochs": 700, "loss": 0.2883144199848175, "val_loss": 0.3506343483924866, "dice_coef": 0.6212273478507996, "val_dice_coef": 0.5241997241973877, "precision": 0.625452971458435, "val_precision": 0.5482034325599671, "recall": 0.6210790872573853, "val_recall": 0.5115895807743073, "jaccard": 0.4567300617694855, "val_jaccard": 0.3573445320129395}