{"n_base": 32, "learning_rate": 0.0001, "alpha": 0.8, "kernel_size": [3, 3], "augmentation": "None", "epochs": 700, "loss": 0.39569408893585206, "val_loss": 0.42018483877182006, "dice_coef": 0.5577239632606507, "val_dice_coef": 0.5319033741950989, "precision": 0.5028642535209655, "val_precision": 0.47813589572906495, "recall": 0.6310338616371155, "val_recall": 0.6108335018157959, "jaccard": 0.38804749250411985, "val_jaccard": 0.3624691843986511}