{"n_base": 64, "learning_rate": 0.0001, "alpha": 1.0, "kernel_size": [3, 3], "augmentation": "None", "epochs": 700, "loss": 0.42858325839042666, "val_loss": 0.4342821478843689, "dice_coef": 0.5688308835029602, "val_dice_coef": 0.5657178521156311, "precision": 0.48365786075592043, "val_precision": 0.5300589859485626, "recall": 0.6981485486030579, "val_recall": 0.6154326319694519, "jaccard": 0.39834161996841433, "val_jaccard": 0.39452152252197265}