{"n_base": 16, "learning_rate": 1e-05, "alpha": 0.6, "kernel_size": [5, 5], "augmentation": "None", "epochs": 700, "loss": 0.46896271109580995, "val_loss": 0.4451793909072876, "dice_coef": 0.3694139957427979, "val_dice_coef": 0.3894696176052094, "precision": 0.31834990382194517, "val_precision": 0.3083112835884094, "recall": 0.4514359176158905, "val_recall": 0.5436326861381531, "jaccard": 0.2288147985935211, "val_jaccard": 0.24208712875843047}