{"n_base": 16, "learning_rate": 0.0001, "alpha": 0.4, "kernel_size": [5, 5], "augmentation": "None", "epochs": 700, "loss": 0.18592253029346467, "val_loss": 0.2891080558300018, "dice_coef": 0.6933170557022095, "val_dice_coef": 0.5191426157951355, "precision": 0.7130520701408386, "val_precision": 0.5481822729110718, "recall": 0.676507294178009, "val_recall": 0.4991214692592621, "jaccard": 0.5335257351398468, "val_jaccard": 0.3510042309761047}