{"n_base": 32, "learning_rate": 0.0001, "alpha": 0.4, "kernel_size": [5, 5], "augmentation": "None", "epochs": 700, "loss": 0.12645920217037201, "val_loss": 0.2666859835386276, "dice_coef": 0.8010600209236145, "val_dice_coef": 0.586475157737732, "precision": 0.8199011564254761, "val_precision": 0.6786690831184388, "recall": 0.7846405148506165, "val_recall": 0.5261237859725952, "jaccard": 0.6707700371742249, "val_jaccard": 0.4150577664375305}