{"n_base": 64, "learning_rate": 0.0001, "alpha": 0.4, "kernel_size": [5, 5], "augmentation": "None", "epochs": 700, "loss": 0.13377319276332855, "val_loss": 0.27566173672676086, "dice_coef": 0.7772712111473083, "val_dice_coef": 0.5865450501441956, "precision": 0.7924692273139954, "val_precision": 0.6439265847206116, "recall": 0.7677329063415528, "val_recall": 0.542410933971405, "jaccard": 0.6391884565353394, "val_jaccard": 0.41502729058265686}