{"n_base": 32, "learning_rate": 0.001, "alpha": 0.8, "kernel_size": [5, 5], "augmentation": "None", "epochs": 700, "loss": 0.48050662875175476, "val_loss": 0.47634704113006593, "dice_coef": 0.4679228007793427, "val_dice_coef": 0.456590473651886, "precision": 0.4487348794937134, "val_precision": 0.501785010099411, "recall": 0.5105501651763916, "val_recall": 0.42868668437004087, "jaccard": 0.3094194412231445, "val_jaccard": 0.2959353387355804}