{"n_base": 16, "learning_rate": 1e-05, "alpha": 0.6, "kernel_size": [3, 3], "augmentation": "None", "epochs": 700, "loss": 0.6442903637886047, "val_loss": 0.6451891660690308, "dice_coef": 0.09571773558855057, "val_dice_coef": 0.10287838131189346, "precision": 0.07454665303230286, "val_precision": 0.0790159486234188, "recall": 0.14004597961902618, "val_recall": 0.15110206305980683, "jaccard": 0.05035066977143288, "val_jaccard": 0.05429315641522407}