{"n_base": 32, "learning_rate": 1e-05, "alpha": 0.6, "kernel_size": [5, 5], "augmentation": "None", "epochs": 700, "loss": 0.43631978034973146, "val_loss": 0.41193138957023623, "dice_coef": 0.42184268236160277, "val_dice_coef": 0.42803428769111634, "precision": 0.36759633421897886, "val_precision": 0.3886099815368652, "recall": 0.5008025407791138, "val_recall": 0.48734521865844727, "jaccard": 0.2686368703842163, "val_jaccard": 0.27250881791114806}