{"n_base": 32, "learning_rate": 0.0001, "alpha": 0.8, "kernel_size": [5, 5], "augmentation": "None", "epochs": 700, "loss": 0.23727602064609526, "val_loss": 0.3617110073566437, "dice_coef": 0.7389215111732483, "val_dice_coef": 0.6003758907318115, "precision": 0.7694841265678406, "val_precision": 0.667999541759491, "recall": 0.7129624724388123, "val_recall": 0.5461663007736206, "jaccard": 0.5890906691551209, "val_jaccard": 0.4297094583511353}