{"n_base": 16, "learning_rate": 0.0001, "alpha": 0.8, "kernel_size": [5, 5], "augmentation": "None", "epochs": 700, "loss": 0.32446858286857605, "val_loss": 0.43601552248001096, "dice_coef": 0.6391912579536438, "val_dice_coef": 0.5086793899536133, "precision": 0.657147490978241, "val_precision": 0.5445153713226318, "recall": 0.6265409708023071, "val_recall": 0.48139960169792173, "jaccard": 0.4731373846530914, "val_jaccard": 0.34215847253799436}