{"n_base": 64, "learning_rate": 1e-05, "alpha": 0.8, "kernel_size": [5, 5], "augmentation": "None", "epochs": 700, "loss": 0.4118631660938263, "val_loss": 0.42435243129730227, "dice_coef": 0.5374234139919281, "val_dice_coef": 0.5269076645374298, "precision": 0.5046647787094116, "val_precision": 0.49557365775108336, "recall": 0.5790106654167175, "val_recall": 0.5668219804763794, "jaccard": 0.36931158900260924, "val_jaccard": 0.35823283195495603}