{"n_base": 32, "learning_rate": 0.0001, "alpha": 0.4, "kernel_size": [3, 3], "augmentation": "None", "epochs": 700, "loss": 0.2878276646137238, "val_loss": 0.32009963393211366, "dice_coef": 0.5039783298969269, "val_dice_coef": 0.48906210660934446, "precision": 0.47261300683021545, "val_precision": 0.5045087933540344, "recall": 0.5427882432937622, "val_recall": 0.4771078050136566, "jaccard": 0.33922714591026304, "val_jaccard": 0.3240760028362274}