{"n_base": 32, "learning_rate": 1e-05, "alpha": 0.4, "kernel_size": [5, 5], "augmentation": "None", "epochs": 700, "loss": 0.3629529058933258, "val_loss": 0.34028867483139036, "dice_coef": 0.3907306730747223, "val_dice_coef": 0.3722554624080658, "precision": 0.3491318464279175, "val_precision": 0.3182121813297272, "recall": 0.4551806807518005, "val_recall": 0.4537778615951538, "jaccard": 0.24413787424564362, "val_jaccard": 0.22927391827106475}