{"n_base": 64, "learning_rate": 0.001, "alpha": 1.0, "kernel_size": [3, 3], "augmentation": "None", "epochs": 700, "loss": 0.8647137403488159, "val_loss": 0.8658071279525756, "dice_coef": 0.13695774376392364, "val_dice_coef": 0.1341928720474243, "precision": 0.07822818756103515, "val_precision": 0.07626613974571228, "recall": 0.5712073087692261, "val_recall": 0.5812392592430115, "jaccard": 0.07382239699363709, "val_jaccard": 0.0722942516207695}