{"n_base": 32, "learning_rate": 1e-05, "alpha": 0.4, "kernel_size": [3, 3], "augmentation": "None", "epochs": 700, "loss": 0.499113529920578, "val_loss": 0.5057612001895905, "dice_coef": 0.10931061208248138, "val_dice_coef": 0.10858794003725052, "precision": 0.09861464202404022, "val_precision": 0.10898181051015854, "recall": 0.13186768293380738, "val_recall": 0.11315384954214096, "jaccard": 0.05798998102545738, "val_jaccard": 0.05744336843490601}