{"n_base": 64, "learning_rate": 0.001, "alpha": 0.6, "kernel_size": [3, 3], "augmentation": "None", "epochs": 700, "loss": 0.4752835750579834, "val_loss": 0.4968087673187256, "dice_coef": 0.3720075249671936, "val_dice_coef": 0.3129927754402161, "precision": 0.3585355758666992, "val_precision": 0.356450742483139, "recall": 0.4169701814651489, "val_recall": 0.3053870528936386, "jaccard": 0.2305035799741745, "val_jaccard": 0.18615977168083192}