{"n_base": 16, "learning_rate": 1e-05, "alpha": 1.0, "kernel_size": [5, 5], "augmentation": "None", "epochs": 700, "loss": 0.8733324408531189, "val_loss": 0.8431648015975952, "dice_coef": 0.12468070387840272, "val_dice_coef": 0.1568351924419403, "precision": 0.0708671048283577, "val_precision": 0.09024545922875404, "recall": 0.5322338581085205, "val_recall": 0.6139957427978515, "jaccard": 0.06665228307247162, "val_jaccard": 0.0856177493929863}