{"n_base": 16, "learning_rate": 1e-05, "alpha": 1.0, "kernel_size": [3, 3], "augmentation": "None", "epochs": 700, "loss": 0.6910460948944092, "val_loss": 0.6922146558761597, "dice_coef": 0.31439133584499357, "val_dice_coef": 0.30778536200523376, "precision": 0.23949483633041382, "val_precision": 0.24316206872463225, "recall": 0.5049751102924347, "val_recall": 0.46068549156188965, "jaccard": 0.189787095785141, "val_jaccard": 0.18252514004707338}