{"n_base": 32, "learning_rate": 1e-05, "alpha": 1.0, "kernel_size": [5, 5], "augmentation": "None", "epochs": 700, "loss": 0.859363341331482, "val_loss": 0.8725226759910584, "dice_coef": 0.13945962488651276, "val_dice_coef": 0.1274773210287094, "precision": 0.08037730753421783, "val_precision": 0.07243645414710045, "recall": 0.5465100884437561, "val_recall": 0.5413904786109924, "jaccard": 0.07530704438686371, "val_jaccard": 0.0682143971323967}