{"n_base": 64, "learning_rate": 0.0001, "alpha": 1.0, "kernel_size": [3, 3], "augmentation": "None", "epochs": 700, "loss": 0.8687882661819458, "val_loss": 0.8583171010017395, "dice_coef": 0.1298979789018631, "val_dice_coef": 0.14168289601802825, "precision": 0.07385196685791015, "val_precision": 0.0803202360868454, "recall": 0.07385196685791015, "val_recall": 0.0803202360868454, "jaccard": 0.03840448409318924, "val_jaccard": 0.041901004314422605}