{"n_base": 64, "learning_rate": 0.001, "alpha": 0.8, "kernel_size": [5, 5], "augmentation": "None", "epochs": 700, "loss": 0.48402817249298097, "val_loss": 0.4903417587280273, "dice_coef": 0.4720113754272461, "val_dice_coef": 0.4389455854892731, "precision": 0.45032689571380613, "val_precision": 0.4776784598827362, "recall": 0.5203449964523316, "val_recall": 0.4097983598709106, "jaccard": 0.3107572317123413, "val_jaccard": 0.28133012652397155}