{"n_base": 16, "learning_rate": 0.001, "alpha": 1.0, "kernel_size": [3, 3], "augmentation": "None", "epochs": 700, "loss": 0.8651462078094483, "val_loss": 0.8555849075317383, "dice_coef": 0.13531613647937774, "val_dice_coef": 0.14441509246826173, "precision": 0.07770309448242188, "val_precision": 0.08228556215763091, "recall": 0.07770309448242188, "val_recall": 0.08228556215763091, "jaccard": 0.04053817838430405, "val_jaccard": 0.04296117648482323}