{"n_base": 64, "learning_rate": 0.0001, "alpha": 0.6, "kernel_size": [3, 3], "augmentation": "None", "epochs": 700, "loss": 0.2696366161108017, "val_loss": 0.3267899572849274, "dice_coef": 0.6421232581138611, "val_dice_coef": 0.5912854790687561, "precision": 0.6703730940818786, "val_precision": 0.621085262298584, "recall": 0.6193483710289002, "val_recall": 0.5668901145458222, "jaccard": 0.4783731043338776, "val_jaccard": 0.42206225991249086}