{"n_base": 32, "learning_rate": 1e-05, "alpha": 0.8, "kernel_size": [3, 3], "augmentation": "None", "epochs": 700, "loss": 0.5640424370765686, "val_loss": 0.5343429803848266, "dice_coef": 0.3686581552028656, "val_dice_coef": 0.4004259407520294, "precision": 0.3260936141014099, "val_precision": 0.4164265751838684, "recall": 0.43683146834373476, "val_recall": 0.39319674372673036, "jaccard": 0.22804141640663148, "val_jaccard": 0.2518801748752594}