{"n_base": 32, "learning_rate": 0.0001, "alpha": 0.6, "kernel_size": [5, 5], "augmentation": "None", "epochs": 700, "loss": 0.2896961152553558, "val_loss": 0.31593027114868166, "dice_coef": 0.6180498003959656, "val_dice_coef": 0.5716089308261871, "precision": 0.922571349143982, "val_precision": 0.9222008943557739, "recall": 0.922571349143982, "val_recall": 0.9222008943557739, "jaccard": 0.8565276980400085, "val_jaccard": 0.856091570854187}