{"n_base": 32, "learning_rate": 0.0001, "alpha": 0.4, "kernel_size": [5, 5], "augmentation": "None", "epochs": 700, "loss": 0.2232965737581253, "val_loss": 0.2656206160783768, "dice_coef": 0.6414538145065307, "val_dice_coef": 0.5668188214302063, "precision": 0.9236155152320862, "val_precision": 0.9139879941940308, "recall": 0.9236155152320862, "val_recall": 0.9139879941940308, "jaccard": 0.85844566822052, "val_jaccard": 0.8420253753662109}