{"n_base": 16, "learning_rate": 1e-05, "alpha": 0.8, "kernel_size": [5, 5], "augmentation": "None", "epochs": 700, "loss": 0.5243233203887939, "val_loss": 0.5301211833953857, "dice_coef": 0.4132727742195129, "val_dice_coef": 0.39834499955177305, "precision": 0.3515879690647125, "val_precision": 0.3745073676109314, "recall": 0.508312600851059, "val_recall": 0.43176422715187074, "jaccard": 0.2626000165939331, "val_jaccard": 0.24932708442211152}