{"n_base": 32, "learning_rate": 1e-05, "alpha": 0.8, "kernel_size": [5, 5], "augmentation": "None", "epochs": 700, "loss": 0.49266058802604673, "val_loss": 0.49403188228607176, "dice_coef": 0.4559468626976013, "val_dice_coef": 0.4404512882232666, "precision": 0.38239145278930664, "val_precision": 0.38494992852210996, "recall": 0.5733174443244934, "val_recall": 0.523325526714325, "jaccard": 0.2966465651988983, "val_jaccard": 0.2826664984226227}