{"n_base": 32, "learning_rate": 1e-05, "alpha": 0.6, "kernel_size": [3, 3], "augmentation": "None", "epochs": 700, "loss": 0.4941730260848999, "val_loss": 0.479842871427536, "dice_coef": 0.3351564645767212, "val_dice_coef": 0.35172935128211974, "precision": 0.2889396548271179, "val_precision": 0.3290188491344452, "recall": 0.4125022768974304, "val_recall": 0.3925307333469391, "jaccard": 0.20265304148197175, "val_jaccard": 0.21435483694076538}