{"n_base": 16, "learning_rate": 0.001, "alpha": 0.6, "kernel_size": [3, 3], "augmentation": "None", "epochs": 700, "loss": 0.26130599081516265, "val_loss": 0.33547388315200805, "dice_coef": 0.6504871487617493, "val_dice_coef": 0.5427281141281128, "precision": 0.9289873957633972, "val_precision": 0.9159884095191956, "recall": 0.9289873957633972, "val_recall": 0.9159884095191956, "jaccard": 0.8676615238189698, "val_jaccard": 0.845056164264679}