{"n_base": 32, "learning_rate": 0.0001, "alpha": 1.0, "kernel_size": [3, 3], "augmentation": "None", "epochs": 700, "loss": 0.876549220085144, "val_loss": 0.8611540555953979, "dice_coef": 0.1239931508898735, "val_dice_coef": 0.1388459324836731, "precision": 0.07052824646234512, "val_precision": 0.07892772704362869, "recall": 0.07052824646234512, "val_recall": 0.07892772704362869, "jaccard": 0.03666741028428078, "val_jaccard": 0.04115180373191833}