{"n_base": 64, "learning_rate": 0.001, "alpha": 0.8, "kernel_size": [5, 5], "augmentation": "None", "epochs": 700, "loss": 0.5318372488021851, "val_loss": 0.5124283909797669, "dice_coef": 0.4027036249637604, "val_dice_coef": 0.4175436794757843, "precision": 0.8714645743370056, "val_precision": 0.8736325144767761, "recall": 0.8714645743370056, "val_recall": 0.8736325025558471, "jaccard": 0.7730130553245544, "val_jaccard": 0.7764851808547973}