{"n_base": 32, "learning_rate": 0.001, "alpha": 0.6, "kernel_size": [3, 3], "augmentation": "None", "epochs": 700, "loss": 0.31885536313056945, "val_loss": 0.32894023656845095, "dice_coef": 0.5746580600738526, "val_dice_coef": 0.554606831073761, "precision": 0.9162142515182495, "val_precision": 0.9160046100616455, "recall": 0.9162142276763916, "val_recall": 0.9160046100616455, "jaccard": 0.8456988453865051, "val_jaccard": 0.8451956987380982}