{"n_base": 16, "learning_rate": 0.0001, "alpha": 1.0, "kernel_size": [5, 5], "augmentation": "None", "epochs": 700, "loss": 0.8665587544441223, "val_loss": 0.8596426844596863, "dice_coef": 0.13067452013492584, "val_dice_coef": 0.14035730808973312, "precision": 0.0747610092163086, "val_precision": 0.07965392917394638, "recall": 0.0747610092163086, "val_recall": 0.07965392917394638, "jaccard": 0.03890494629740715, "val_jaccard": 0.0415554840117693}