{"n_base": 64, "learning_rate": 0.001, "alpha": 1.0, "kernel_size": [5, 5], "augmentation": "None", "epochs": 700, "loss": 0.8586425065994263, "val_loss": 0.8751778125762939, "dice_coef": 0.14146771728992463, "val_dice_coef": 0.12482216954231262, "precision": 0.08137340545654297, "val_precision": 0.07002970278263092, "recall": 0.08137340545654297, "val_recall": 0.07002970278263092, "jaccard": 0.04245510920882225, "val_jaccard": 0.036312954127788545}