{"n_base": 64, "learning_rate": 0.0001, "alpha": 0.8, "kernel_size": [5, 5], "augmentation": "None", "epochs": 700, "loss": 0.28790276646614077, "val_loss": 0.3723775029182434, "dice_coef": 0.6791975498199463, "val_dice_coef": 0.5791808724403381, "precision": 0.9301857471466064, "val_precision": 0.9200472593307495, "recall": 0.9301857471466064, "val_recall": 0.9200472593307495, "jaccard": 0.8696346521377564, "val_jaccard": 0.8524892687797546}