{"n_base": 16, "learning_rate": 0.001, "alpha": 0.4, "kernel_size": [5, 5], "augmentation": "None", "epochs": 700, "loss": 0.3543808698654175, "val_loss": 0.3261791169643402, "dice_coef": 0.41624702215194703, "val_dice_coef": 0.4370427906513214, "precision": 0.8770087242126465, "val_precision": 0.897579836845398, "recall": 0.8770087242126465, "val_recall": 0.897579824924469, "jaccard": 0.7816986918449402, "val_jaccard": 0.8151315331459046}