{"n_base": 16, "learning_rate": 0.0001, "alpha": 1.0, "kernel_size": [5, 5], "augmentation": "None", "epochs": 700, "loss": 0.8701676249504089, "val_loss": 0.8513539075851441, "dice_coef": 0.13154917061328888, "val_dice_coef": 0.14864609390497208, "precision": 0.07524509504437446, "val_precision": 0.08519218415021897, "recall": 0.5518034338951111, "val_recall": 0.5976311564445496, "jaccard": 0.07073294296860695, "val_jaccard": 0.08074069172143936}