{"n_base": 64, "learning_rate": 0.0001, "alpha": 0.4, "kernel_size": [3, 3], "augmentation": "None", "epochs": 700, "loss": 0.22666211426258087, "val_loss": 0.27292226552963256, "dice_coef": 0.6166096925735474, "val_dice_coef": 0.5291501641273498, "precision": 0.621648108959198, "val_precision": 0.5112925589084625, "recall": 0.615088939666748, "val_recall": 0.558703875541687, "jaccard": 0.45054795742034914, "val_jaccard": 0.3599140167236328}