{"n_base": 32, "learning_rate": 0.0001, "alpha": 0.4, "kernel_size": [3, 3], "augmentation": "None", "epochs": 700, "loss": 0.1623712509870529, "val_loss": 0.2366933971643448, "dice_coef": 0.7476576089859008, "val_dice_coef": 0.6169976830482483, "precision": 0.9446970105171204, "val_precision": 0.9221156001091003, "recall": 0.9446969985961914, "val_recall": 0.9221156001091003, "jaccard": 0.8953308701515198, "val_jaccard": 0.855859100818634}