{"n_base": 16, "learning_rate": 0.0001, "alpha": 0.8, "kernel_size": [3, 3], "augmentation": "None", "epochs": 700, "loss": 0.34704906940460206, "val_loss": 0.4109011650085449, "dice_coef": 0.6164817571640014, "val_dice_coef": 0.5313700377941132, "precision": 0.916474449634552, "val_precision": 0.9094943046569824, "recall": 0.916474449634552, "val_recall": 0.9094943046569824, "jaccard": 0.8460111856460572, "val_jaccard": 0.8343699812889099}