{"n_base": 32, "learning_rate": 0.001, "alpha": 0.4, "kernel_size": [5, 5], "augmentation": "None", "epochs": 700, "loss": 0.258309131860733, "val_loss": 0.3023557484149933, "dice_coef": 0.5593533992767334, "val_dice_coef": 0.5047626256942749, "precision": 0.9187421083450318, "val_precision": 0.9072312593460083, "recall": 0.9187421083450318, "val_recall": 0.9072312593460083, "jaccard": 0.8500265002250671, "val_jaccard": 0.8308637022972107}