{"n_base": 64, "learning_rate": 0.0001, "alpha": 0.6, "kernel_size": [5, 5], "augmentation": "None", "epochs": 700, "loss": 0.2349664807319641, "val_loss": 0.28555943369865416, "dice_coef": 0.6994927287101745, "val_dice_coef": 0.6132623434066773, "precision": 0.9320290684700012, "val_precision": 0.9311088562011719, "recall": 0.9320290684700012, "val_recall": 0.9311088562011719, "jaccard": 0.872890043258667, "val_jaccard": 0.8713068127632141}