{"n_base": 32, "learning_rate": 0.001, "alpha": 1.0, "kernel_size": [3, 3], "augmentation": "None", "epochs": 700, "loss": 0.8679383277893067, "val_loss": 0.8645641803741455, "dice_coef": 0.13198448419570924, "val_dice_coef": 0.13543582260608672, "precision": 0.07512435913085938, "val_precision": 0.07681274265050889, "recall": 0.07512435913085938, "val_recall": 0.07681274265050889, "jaccard": 0.039080923050642015, "val_jaccard": 0.03994639590382576}