{"n_base": 32, "learning_rate": 0.0001, "alpha": 0.8, "kernel_size": [3, 3], "augmentation": "None", "epochs": 700, "loss": 0.317092227935791, "val_loss": 0.3357685536146164, "dice_coef": 0.6516369581222534, "val_dice_coef": 0.6207212209701538, "precision": 0.9307884693145752, "val_precision": 0.922410249710083, "recall": 0.9307884573936462, "val_recall": 0.922410249710083, "jaccard": 0.8708643794059754, "val_jaccard": 0.8564854979515075}