{"n_base": 64, "learning_rate": 0.0001, "alpha": 0.4, "kernel_size": [3, 3], "augmentation": "None", "epochs": 700, "loss": 0.13176913410425187, "val_loss": 0.20968171060085297, "dice_coef": 0.8051615595817566, "val_dice_coef": 0.6547910213470459, "precision": 0.9535456418991088, "val_precision": 0.9365453958511353, "recall": 0.953545618057251, "val_recall": 0.9365453958511353, "jaccard": 0.9112674713134765, "val_jaccard": 0.8808196544647217}