{"n_base": 64, "learning_rate": 1e-05, "alpha": 0.8, "kernel_size": [3, 3], "augmentation": "None", "epochs": 700, "loss": 0.5238298535346985, "val_loss": 0.4618265926837921, "dice_coef": 0.42474997639656065, "val_dice_coef": 0.49017578959465025, "precision": 0.37137197852134707, "val_precision": 0.4417135059833527, "recall": 0.5210428655147552, "val_recall": 0.5565679609775543, "jaccard": 0.2711090803146362, "val_jaccard": 0.3250940561294556}