{"n_base": 32, "learning_rate": 0.001, "alpha": 0.6, "kernel_size": [5, 5], "augmentation": "None", "epochs": 700, "loss": 0.42215771079063413, "val_loss": 0.409331226348877, "dice_coef": 0.4329902589321136, "val_dice_coef": 0.4467517912387848, "precision": 0.8780549049377442, "val_precision": 0.8791462779045105, "recall": 0.8780549049377442, "val_recall": 0.8791462898254394, "jaccard": 0.7834306478500366, "val_jaccard": 0.7864001512527465}