{"n_base": 32, "learning_rate": 0.0001, "alpha": 0.6, "kernel_size": [3, 3], "augmentation": "None", "epochs": 700, "loss": 0.22984089851379394, "val_loss": 0.2708908826112747, "dice_coef": 0.6922212362289428, "val_dice_coef": 0.6350356101989746, "precision": 0.93727947473526, "val_precision": 0.9297647595405578, "recall": 0.937279462814331, "val_recall": 0.9297647595405578, "jaccard": 0.8821017503738403, "val_jaccard": 0.8690728187561035}