{"n_base": 32, "learning_rate": 0.0001, "alpha": 1.0, "kernel_size": [3, 3], "augmentation": "None", "epochs": 700, "loss": 0.8626469969749451, "val_loss": 0.8451297640800476, "dice_coef": 0.13816425800323487, "val_dice_coef": 0.1548702448606491, "precision": 0.07900167256593704, "val_precision": 0.08880071341991425, "recall": 0.5697416305541992, "val_recall": 0.6077036619186401, "jaccard": 0.07447632551193237, "val_jaccard": 0.08406910747289657}