{"n_base": 64, "learning_rate": 0.001, "alpha": 0.4, "kernel_size": [3, 3], "augmentation": "None", "epochs": 700, "loss": 0.2633444249629974, "val_loss": 0.2826832175254822, "dice_coef": 0.5809183597564698, "val_dice_coef": 0.5172804355621338, "precision": 0.9121537446975708, "val_precision": 0.9091368794441224, "recall": 0.9121537446975708, "val_recall": 0.9091368794441224, "jaccard": 0.8387647032737732, "val_jaccard": 0.8336171388626099}