{"n_base": 32, "learning_rate": 0.001, "alpha": 1.0, "kernel_size": [5, 5], "augmentation": "None", "epochs": 700, "loss": 0.8673368334770203, "val_loss": 0.8660813093185424, "dice_coef": 0.1319872707128525, "val_dice_coef": 0.13391867727041246, "precision": 0.07505435943603515, "val_precision": 0.07571580559015274, "recall": 0.07505435943603515, "val_recall": 0.07571580559015274, "jaccard": 0.0390500895678997, "val_jaccard": 0.03938821218907833}