{"n_base": 64, "learning_rate": 0.0001, "alpha": 0.6, "kernel_size": [3, 3], "augmentation": "None", "epochs": 700, "loss": 0.19716365933418273, "val_loss": 0.26913094222545625, "dice_coef": 0.7397742509841919, "val_dice_coef": 0.6376013398170471, "precision": 0.9426630139350891, "val_precision": 0.9304783344268799, "recall": 0.9426629900932312, "val_recall": 0.9304783344268799, "jaccard": 0.891679871082306, "val_jaccard": 0.8702117085456849}