{"n_base": 16, "learning_rate": 1e-05, "alpha": 0.4, "kernel_size": [3, 3], "augmentation": "None", "epochs": 700, "loss": 0.5232261419296265, "val_loss": 0.5290824413299561, "dice_coef": 0.08276793658733368, "val_dice_coef": 0.09297391325235367, "precision": 0.06970930844545364, "val_precision": 0.06523570343852043, "recall": 0.10544398874044418, "val_recall": 0.16438323855400086, "jaccard": 0.043205137550830844, "val_jaccard": 0.04882641658186913}