{"n_base": 32, "learning_rate": 0.001, "alpha": 1.0, "kernel_size": [3, 3], "augmentation": "None", "epochs": 700, "loss": 0.8744557142257691, "val_loss": 0.872160017490387, "dice_coef": 0.1257527604699135, "val_dice_coef": 0.12783996611833573, "precision": 0.06727533340454102, "val_precision": 0.06840074434876442, "recall": 1.0, "val_recall": 1.0, "jaccard": 0.06727533340454102, "val_jaccard": 0.06840074434876442}