{"n_base": 16, "learning_rate": 1e-05, "alpha": 0.8, "kernel_size": [3, 3], "augmentation": "None", "epochs": 700, "loss": 0.6814546465873719, "val_loss": 0.6663826942443848, "dice_coef": 0.2239298015832901, "val_dice_coef": 0.24804271757602692, "precision": 0.18458794057369232, "val_precision": 0.19588906466960906, "recall": 0.33183971643447874, "val_recall": 0.34682350754737856, "jaccard": 0.12749815732240677, "val_jaccard": 0.14253125786781312}