{"n_base": 16, "learning_rate": 0.001, "alpha": 0.4, "kernel_size": [3, 3], "augmentation": "None", "epochs": 700, "loss": 0.21601147949695587, "val_loss": 0.2499167203903198, "dice_coef": 0.6489545702934265, "val_dice_coef": 0.5766660571098328, "precision": 0.9301059126853943, "val_precision": 0.9189057111740112, "recall": 0.9301058888435364, "val_recall": 0.9189057111740112, "jaccard": 0.8695634245872498, "val_jaccard": 0.850264036655426}