{"n_base": 32, "learning_rate": 0.001, "alpha": 1.0, "kernel_size": [5, 5], "augmentation": "None", "epochs": 700, "loss": 0.8743333339691162, "val_loss": 0.8881880760192871, "dice_coef": 0.12708792388439177, "val_dice_coef": 0.11181191205978394, "precision": 0.07224235534667969, "val_precision": 0.06265496090054512, "recall": 0.5536837577819824, "val_recall": 0.5365352869033814, "jaccard": 0.06817163899540901, "val_jaccard": 0.05940424576401711}