{"n_base": 64, "learning_rate": 0.001, "alpha": 0.6, "kernel_size": [3, 3], "augmentation": "None", "epochs": 700, "loss": 0.47129029631614683, "val_loss": 0.44234285950660707, "dice_coef": 0.35863195061683656, "val_dice_coef": 0.404205858707428, "precision": 0.8709454417228699, "val_precision": 0.8659164905548096, "recall": 0.8709454417228699, "val_recall": 0.8659164905548096, "jaccard": 0.77255779504776, "val_jaccard": 0.7639362215995789}