{"n_base": 64, "learning_rate": 0.0001, "alpha": 1.0, "kernel_size": [5, 5], "augmentation": "None", "epochs": 700, "loss": 0.8617601037025452, "val_loss": 0.8799621224403381, "dice_coef": 0.13934288918972015, "val_dice_coef": 0.1200378730893135, "precision": 0.08013439178466797, "val_precision": 0.06718309074640275, "recall": 0.08013439178466797, "val_recall": 0.06718309074640275, "jaccard": 0.041821624338626864, "val_jaccard": 0.03487166576087475}