{"n_base": 32, "learning_rate": 0.001, "alpha": 0.8, "kernel_size": [3, 3], "augmentation": "None", "epochs": 700, "loss": 0.397387820482254, "val_loss": 0.4487218797206879, "dice_coef": 0.5564930438995361, "val_dice_coef": 0.5053991913795471, "precision": 0.5485120058059693, "val_precision": 0.557847386598587, "recall": 0.5745480298995972, "val_recall": 0.49470202922821044, "jaccard": 0.38739352822303774, "val_jaccard": 0.33932566046714785}