{"n_base": 16, "learning_rate": 0.0001, "alpha": 0.6, "kernel_size": [3, 3], "augmentation": "None", "epochs": 700, "loss": 0.4057965695858002, "val_loss": 0.3763944983482361, "dice_coef": 0.4676844298839569, "val_dice_coef": 0.49392272233963014, "precision": 0.40314075350761414, "val_precision": 0.4174330115318298, "recall": 0.5659605264663696, "val_recall": 0.6162927150726318, "jaccard": 0.3059794783592224, "val_jaccard": 0.328164666891098}