{"n_base": 64, "learning_rate": 0.0001, "alpha": 0.8, "kernel_size": [5, 5], "augmentation": "None", "epochs": 700, "loss": 0.19924611151218413, "val_loss": 0.3819985032081604, "dice_coef": 0.7841176271438599, "val_dice_coef": 0.5734668970108032, "precision": 0.8082728743553161, "val_precision": 0.5981285691261291, "recall": 0.7649917364120483, "val_recall": 0.5621770322322845, "jaccard": 0.6489110589027405, "val_jaccard": 0.4030066549777985}