{"n_base": 64, "learning_rate": 0.001, "alpha": 0.6, "kernel_size": [5, 5], "augmentation": "None", "epochs": 700, "loss": 0.4208340644836426, "val_loss": 0.3882519602775574, "dice_coef": 0.4247681021690369, "val_dice_coef": 0.4553294599056244, "precision": 0.8811896920204163, "val_precision": 0.9107196807861329, "recall": 0.8811896920204163, "val_recall": 0.9107196927070618, "jaccard": 0.7887420177459716, "val_jaccard": 0.8363402485847473}