{"n_base": 16, "learning_rate": 0.0001, "alpha": 1.0, "kernel_size": [3, 3], "augmentation": "None", "epochs": 700, "loss": 0.8692033052444458, "val_loss": 0.8551715731620788, "dice_coef": 0.1345435231924057, "val_dice_coef": 0.1448284238576889, "precision": 0.07755097001791, "val_precision": 0.08257059156894683, "recall": 0.07755097001791, "val_recall": 0.08257059156894683, "jaccard": 0.04048193618655205, "val_jaccard": 0.04311868101358414}