{"n_base": 32, "learning_rate": 0.001, "alpha": 0.4, "kernel_size": [5, 5], "augmentation": "None", "epochs": 700, "loss": 0.2659910798072815, "val_loss": 0.29018213748931887, "dice_coef": 0.5585838556289673, "val_dice_coef": 0.5108561813831329, "precision": 0.5495726823806762, "val_precision": 0.5603129267692566, "recall": 0.5720385670661926, "val_recall": 0.4726655066013336, "jaccard": 0.39024428129196165, "val_jaccard": 0.34388428926467896}