{"n_base": 64, "learning_rate": 0.0001, "alpha": 0.8, "kernel_size": [3, 3], "augmentation": "None", "epochs": 700, "loss": 0.32055742144584654, "val_loss": 0.4369545578956604, "dice_coef": 0.652615773677826, "val_dice_coef": 0.5321518182754517, "precision": 0.6629398584365844, "val_precision": 0.6257594466209412, "recall": 0.6451825618743896, "val_recall": 0.46498839259147645, "jaccard": 0.49011033177375796, "val_jaccard": 0.3629927337169647}