{"n_base": 16, "learning_rate": 0.0001, "alpha": 0.8, "kernel_size": [3, 3], "augmentation": "None", "epochs": 700, "loss": 0.4615239202976227, "val_loss": 0.45538198947906494, "dice_coef": 0.4892772614955902, "val_dice_coef": 0.49335708022117614, "precision": 0.4147165954113007, "val_precision": 0.4280550301074982, "recall": 0.6044722437858582, "val_recall": 0.6054186463356018, "jaccard": 0.32472777366638184, "val_jaccard": 0.32752307653427126}