{"n_base": 64, "learning_rate": 0.001, "alpha": 0.8, "kernel_size": [3, 3], "augmentation": "None", "epochs": 700, "loss": 0.5405523777008057, "val_loss": 0.6020125389099121, "dice_coef": 0.3933829128742218, "val_dice_coef": 0.32151069641113283, "precision": 0.3874543964862823, "val_precision": 0.38784812688827514, "recall": 0.43654283285140993, "val_recall": 0.3033035010099411, "jaccard": 0.2478314995765686, "val_jaccard": 0.19161179661750793}