{"n_base": 16, "learning_rate": 0.0001, "alpha": 0.4, "kernel_size": [5, 5], "augmentation": "None", "epochs": 700, "loss": 0.23463910222053527, "val_loss": 0.2681253135204315, "dice_coef": 0.631126070022583, "val_dice_coef": 0.5508250594139099, "precision": 0.9178171753883362, "val_precision": 0.9153112411499024, "recall": 0.9178171753883362, "val_recall": 0.9153112411499024, "jaccard": 0.8483434677124023, "val_jaccard": 0.8441987752914428}