{"n_base": 16, "learning_rate": 0.001, "alpha": 0.8, "kernel_size": [5, 5], "augmentation": "None", "epochs": 700, "loss": 0.42658122181892394, "val_loss": 0.42835813164711, "dice_coef": 0.5159684300422669, "val_dice_coef": 0.5075819075107575, "precision": 0.8954052567481995, "val_precision": 0.9124912023544312, "recall": 0.8954052567481995, "val_recall": 0.9124912023544312, "jaccard": 0.8109934806823731, "val_jaccard": 0.8396113276481628}