{"n_base": 16, "learning_rate": 0.0001, "alpha": 0.8, "kernel_size": [5, 5], "augmentation": "None", "epochs": 700, "loss": 0.38650148510932925, "val_loss": 0.41132006645202634, "dice_coef": 0.5596341252326965, "val_dice_coef": 0.5349616944789887, "precision": 0.9075193047523499, "val_precision": 0.906932282447815, "recall": 0.9075193047523499, "val_recall": 0.906932282447815, "jaccard": 0.8309672474861145, "val_jaccard": 0.8307263612747192}