{"n_base": 64, "learning_rate": 0.0001, "alpha": 0.4, "kernel_size": [5, 5], "augmentation": "None", "epochs": 700, "loss": 0.19054730236530304, "val_loss": 0.22680188119411468, "dice_coef": 0.6993220448493958, "val_dice_coef": 0.6107247710227967, "precision": 0.9360699892044068, "val_precision": 0.9361810922622681, "recall": 0.9360699892044068, "val_recall": 0.9361810922622681, "jaccard": 0.879926860332489, "val_jaccard": 0.8800820350646973}