{"n_base": 64, "learning_rate": 0.001, "alpha": 1.0, "kernel_size": [5, 5], "augmentation": "None", "epochs": 700, "loss": 0.8540918588638305, "val_loss": 0.8595484375953675, "dice_coef": 0.146388640999794, "val_dice_coef": 0.14045155495405198, "precision": 0.08462867736816407, "val_precision": 0.08013576865196229, "recall": 0.5590708374977111, "val_recall": 0.5812451481819153, "jaccard": 0.07916693091392517, "val_jaccard": 0.07586043328046799}