{"n_base": 16, "learning_rate": 0.001, "alpha": 0.8, "kernel_size": [5, 5], "augmentation": "None", "epochs": 700, "loss": 0.3444183528423309, "val_loss": 0.3502261996269226, "dice_coef": 0.6147837996482849, "val_dice_coef": 0.6036964416503906, "precision": 0.6453424096107483, "val_precision": 0.596647584438324, "recall": 0.595193600654602, "val_recall": 0.6110894799232482, "jaccard": 0.4510150194168091, "val_jaccard": 0.4340918123722076}