{"n_base": 64, "learning_rate": 0.001, "alpha": 0.4, "kernel_size": [5, 5], "augmentation": "None", "epochs": 700, "loss": 0.5677842140197754, "val_loss": 0.5642813801765442, "dice_coef": 0.03677417263388634, "val_dice_coef": 0.03723619505763054, "precision": 0.8259477972984314, "val_precision": 0.8295613527297974, "recall": 0.8259478330612182, "val_recall": 0.8295614838600158, "jaccard": 0.704067611694336, "val_jaccard": 0.7089492201805114}