{"n_base": 32, "learning_rate": 0.0001, "alpha": 0.8, "kernel_size": [5, 5], "augmentation": "None", "epochs": 700, "loss": 0.38618014454841615, "val_loss": 0.4188775658607483, "dice_coef": 0.560041892528534, "val_dice_coef": 0.5258051037788392, "precision": 0.9093940138816834, "val_precision": 0.8999584913253784, "recall": 0.9093940138816834, "val_recall": 0.8999584913253784, "jaccard": 0.8340824365615844, "val_jaccard": 0.8186958432197571}