{"n_base": 64, "learning_rate": 0.0001, "alpha": 0.6, "kernel_size": [5, 5], "augmentation": "None", "epochs": 700, "loss": 0.14708679616451265, "val_loss": 0.2669496774673462, "dice_coef": 0.8070360422134399, "val_dice_coef": 0.6600297808647155, "precision": 0.8275778770446778, "val_precision": 0.7065380811691284, "recall": 0.7902639627456665, "val_recall": 0.6225617110729218, "jaccard": 0.6789756536483764, "val_jaccard": 0.4995628297328949}