{"n_base": 64, "learning_rate": 0.001, "alpha": 1.0, "kernel_size": [3, 3], "augmentation": "None", "epochs": 700, "loss": 0.8698205351829529, "val_loss": 0.8711058616638183, "dice_coef": 0.13073840588331223, "val_dice_coef": 0.1288941353559494, "precision": 0.07442474365234375, "val_precision": 0.07298583835363388, "recall": 0.07442474365234375, "val_recall": 0.07298583835363388, "jaccard": 0.03871730715036392, "val_jaccard": 0.03788027539849281}