{"n_base": 32, "learning_rate": 0.0001, "alpha": 1.0, "kernel_size": [5, 5], "augmentation": "None", "epochs": 700, "loss": 0.8526648998260498, "val_loss": 0.8706561684608459, "dice_coef": 0.1456485539674759, "val_dice_coef": 0.12934382259845734, "precision": 0.08373145759105682, "val_precision": 0.07278001457452773, "recall": 0.08373145759105682, "val_recall": 0.07278001457452773, "jaccard": 0.04377579540014267, "val_jaccard": 0.037851886823773384}