{"n_base": 16, "learning_rate": 0.001, "alpha": 0.6, "kernel_size": [5, 5], "augmentation": "None", "epochs": 700, "loss": 0.49082753658294676, "val_loss": 0.4636833906173706, "dice_coef": 0.3313614308834076, "val_dice_coef": 0.36220415234565734, "precision": 0.8593372583389283, "val_precision": 0.8740581631660461, "recall": 0.8593372583389283, "val_recall": 0.874058187007904, "jaccard": 0.7541466593742371, "val_jaccard": 0.7775827169418335}