{"n_base": 32, "learning_rate": 0.001, "alpha": 0.4, "kernel_size": [3, 3], "augmentation": "None", "epochs": 700, "loss": 0.2642802119255066, "val_loss": 0.2824530303478241, "dice_coef": 0.5628079056739808, "val_dice_coef": 0.5400755226612091, "precision": 0.549956065416336, "val_precision": 0.5394423186779023, "recall": 0.5807741045951843, "val_recall": 0.5587063610553742, "jaccard": 0.39419650435447695, "val_jaccard": 0.3716532468795776}