{"n_base": 32, "learning_rate": 0.001, "alpha": 0.8, "kernel_size": [5, 5], "augmentation": "None", "epochs": 700, "loss": 0.5318573355674744, "val_loss": 0.4779603540897369, "dice_coef": 0.3941182136535645, "val_dice_coef": 0.449983024597168, "precision": 0.8729475259780883, "val_precision": 0.892922329902649, "recall": 0.8729475259780883, "val_recall": 0.892922329902649, "jaccard": 0.7751006841659546, "val_jaccard": 0.8074851393699646}