{"n_base": 32, "learning_rate": 0.001, "alpha": 0.4, "kernel_size": [3, 3], "augmentation": "None", "epochs": 700, "loss": 0.1918346405029297, "val_loss": 0.2701602399349213, "dice_coef": 0.6968786120414734, "val_dice_coef": 0.5566729784011841, "precision": 0.9353157758712769, "val_precision": 0.91312495470047, "recall": 0.9353157639503479, "val_recall": 0.913124966621399, "jaccard": 0.8786633729934692, "val_jaccard": 0.8403954148292542}