{"n_base": 64, "learning_rate": 0.001, "alpha": 0.8, "kernel_size": [3, 3], "augmentation": "None", "epochs": 700, "loss": 0.5239623546600342, "val_loss": 0.5350214302539825, "dice_coef": 0.40890332460403445, "val_dice_coef": 0.39227491021156313, "precision": 0.870730173587799, "val_precision": 0.8823441386222839, "recall": 0.870730173587799, "val_recall": 0.8823441386222839, "jaccard": 0.771562910079956, "val_jaccard": 0.7896827578544616}