{"n_base": 16, "learning_rate": 0.0001, "alpha": 0.6, "kernel_size": [5, 5], "augmentation": "None", "epochs": 700, "loss": 0.32274581789970397, "val_loss": 0.36045281291007997, "dice_coef": 0.5819374203681946, "val_dice_coef": 0.5139921545982361, "precision": 0.9099814891815186, "val_precision": 0.9093401551246643, "recall": 0.9099814891815186, "val_recall": 0.9093401312828064, "jaccard": 0.8351503729820251, "val_jaccard": 0.8347566962242127}