{"n_base": 16, "learning_rate": 0.001, "alpha": 1.0, "kernel_size": [3, 3], "augmentation": "None", "epochs": 700, "loss": 0.4177343249320984, "val_loss": 0.42880241870880126, "dice_coef": 0.5840471267700196, "val_dice_coef": 0.5711975812911987, "precision": 0.5631639719009399, "val_precision": 0.5716292858123779, "recall": 0.6146763324737549, "val_recall": 0.5823401391506196, "jaccard": 0.41539075374603274, "val_jaccard": 0.4022354245185852}