{"n_base": 16, "learning_rate": 0.0001, "alpha": 0.6, "kernel_size": [3, 3], "augmentation": "None", "epochs": 700, "loss": 0.297521585226059, "val_loss": 0.38356165289878846, "dice_coef": 0.6113179683685303, "val_dice_coef": 0.480334734916687, "precision": 0.917333722114563, "val_precision": 0.8968442916870117, "recall": 0.917333722114563, "val_recall": 0.8968442916870117, "jaccard": 0.8474051237106324, "val_jaccard": 0.8130740284919739}