{"n_base": 32, "learning_rate": 0.001, "alpha": 0.8, "kernel_size": [3, 3], "augmentation": "None", "epochs": 700, "loss": 0.38274232149124143, "val_loss": 0.4249963998794556, "dice_coef": 0.5625214099884033, "val_dice_coef": 0.5113346874713898, "precision": 0.9060195922851563, "val_precision": 0.9133082151412963, "recall": 0.9060195684432983, "val_recall": 0.9133082151412963, "jaccard": 0.8289497852325439, "val_jaccard": 0.840518856048584}