{"n_base": 16, "learning_rate": 0.0001, "alpha": 0.4, "kernel_size": [3, 3], "augmentation": "None", "epochs": 700, "loss": 0.24951260685920715, "val_loss": 0.27061072289943694, "dice_coef": 0.5920549631118774, "val_dice_coef": 0.5507342875003814, "precision": 0.9199020147323609, "val_precision": 0.9079680442810059, "recall": 0.9199020147323609, "val_recall": 0.9079680442810059, "jaccard": 0.85190269947052, "val_jaccard": 0.8317057490348816}