{"n_base": 16, "learning_rate": 0.001, "alpha": 1.0, "kernel_size": [5, 5], "augmentation": "None", "epochs": 700, "loss": 0.8624016642570496, "val_loss": 0.8733574151992798, "dice_coef": 0.1362980470061302, "val_dice_coef": 0.1266425743699074, "precision": 0.07810630798339843, "val_precision": 0.07138502150774002, "recall": 0.07810630798339843, "val_recall": 0.07138502150774002, "jaccard": 0.040735484659671785, "val_jaccard": 0.03711837120354176}