{"n_base": 64, "learning_rate": 0.0001, "alpha": 0.8, "kernel_size": [3, 3], "augmentation": "None", "epochs": 700, "loss": 0.24225918352603912, "val_loss": 0.33950487375259397, "dice_coef": 0.7209330201148987, "val_dice_coef": 0.6147138237953186, "precision": 0.9410905122756958, "val_precision": 0.924406087398529, "recall": 0.9410905003547668, "val_recall": 0.924406087398529, "jaccard": 0.8888470530509949, "val_jaccard": 0.8596709132194519}