{"n_base": 32, "learning_rate": 0.0001, "alpha": 1.0, "kernel_size": [5, 5], "augmentation": "None", "epochs": 700, "loss": 0.8697492241859436, "val_loss": 0.8858464598655701, "dice_coef": 0.12994054406881334, "val_dice_coef": 0.11415352523326874, "precision": 0.07408008575439454, "val_precision": 0.06398518979549409, "recall": 0.5520051956176758, "val_recall": 0.5538993239402771, "jaccard": 0.0697400450706482, "val_jaccard": 0.06097138375043869}