{"n_base": 16, "learning_rate": 0.001, "alpha": 0.8, "kernel_size": [3, 3], "augmentation": "None", "epochs": 700, "loss": 0.3472734451293945, "val_loss": 0.40199105739593505, "dice_coef": 0.6064710140228271, "val_dice_coef": 0.5385248601436615, "precision": 0.9251984119415283, "val_precision": 0.9172436237335205, "recall": 0.9251984119415283, "val_recall": 0.9172436237335205, "jaccard": 0.8610691428184509, "val_jaccard": 0.8473412275314331}