{"n_base": 64, "learning_rate": 1e-05, "alpha": 0.4, "kernel_size": [5, 5], "augmentation": "None", "epochs": 700, "loss": 0.24840835332870484, "val_loss": 0.31362775564193723, "dice_coef": 0.5930051803588867, "val_dice_coef": 0.4704109847545624, "precision": 0.5924587607383728, "val_precision": 0.47923593521118163, "recall": 0.5987193346023559, "val_recall": 0.47075817584991453, "jaccard": 0.4249501764774323, "val_jaccard": 0.30769423842430116}