{"n_base": 32, "learning_rate": 0.0001, "alpha": 0.6, "kernel_size": [5, 5], "augmentation": "None", "epochs": 700, "loss": 0.224957075715065, "val_loss": 0.2807000160217285, "dice_coef": 0.711151945590973, "val_dice_coef": 0.6213262677192688, "precision": 0.7340266585350037, "val_precision": 0.6403892159461975, "recall": 0.692335593700409, "val_recall": 0.6104380488395691, "jaccard": 0.5560927748680115, "val_jaccard": 0.45369460582733157}